{"cameraMode":{"drawMode":0,"name":"Shaded","section":"Shading Mode"},"sceneLighting":false,"audioPlay":false,"sceneViewState":{"showFog":true,"showMaterialUpdate":false,"showSkybox":false,"showFlares":true,"showImageEffects":true,"showParticleSystems":true},"in2DMode":false,"pivot":{"x":-0.04483366012573242,"y":0.8030457496643066,"z":-1.2484512329101563},"rotation":{"x":-0.3567514419555664,"y":-0.010652119293808937,"z":0.004066829569637775,"w":-0.9341378808021545},"size":1.1697322130203248,"orthographic":false}