{"cameraMode":{"drawMode":0,"name":"Shaded","section":"Shading Mode"},"sceneLighting":true,"audioPlay":false,"sceneViewState":{"showFog":true,"showMaterialUpdate":false,"showSkybox":true,"showFlares":true,"showImageEffects":true,"showParticleSystems":true},"in2DMode":false,"pivot":{"x":1.5152605772018433,"y":1.1727170944213868,"z":46.76079177856445},"rotation":{"x":-0.30491456389427187,"y":-0.07362028956413269,"z":0.023648180067539216,"w":-0.9492378234863281},"size":1.7704240083694459,"orthographic":false}